,Team_A,TeamID,logModelProb,rfModelProb,avgProb
1,1437,1458,21%,13%,17%
2,1437,1438,15%,19%,17%
3,1437,1196,27%,10%,18%
4,1437,1425,63%,26%,45%
5,1437,1124,97%,37%,67%
6,1437,1376,95%,36%,65%
7,1437,1181,35%,5%,20%
8,1437,1211,4%,24%,14%
9,1437,1321,45%,22%,33%
10,1437,1323,39%,12%,26%
11,1437,1452,87%,42%,64%
12,1437,1462,86%,36%,61%
13,1437,1199,57%,18%,37%
14,1437,1388,66%,29%,48%
15,1437,1112,56%,16%,36%
16,1437,1242,93%,31%,62%
17,1437,1277,100%,51%,75%
18,1437,1235,44%,14%,29%
19,1437,1345,99%,41%,70%
20,1437,1348,20%,26%,23%
21,1437,1332,85%,17%,51%
22,1437,1276,44%,35%,39%
23,1437,1257,17%,9%,13%
24,1437,1314,81%,19%,50%
25,1437,1116,37%,20%,28%
26,1437,1292,13%,31%,22%
27,1437,1139,30%,19%,25%
28,1437,1153,25%,24%,25%
29,1437,1417,93%,27%,60%
30,1437,1455,10%,22%,16%
31,1437,1246,49%,18%,34%
32,1437,1291,100%,54%,77%
33,1437,1439,99%,35%,67%
34,1437,1423,66%,36%,51%
35,1437,1190,99%,62%,81%
36,1437,1374,70%,22%,46%
37,1437,1307,95%,49%,72%
38,1437,1266,97%,33%,65%
39,1437,1407,99%,54%,77%
40,1437,1377,73%,33%,53%
41,1437,1435,96%,37%,66%
42,1437,1343,66%,33%,49%
43,1437,1137,98%,57%,77%
44,1437,1268,98%,40%,69%
45,1437,1195,94%,51%,73%
46,1437,1433,81%,45%,63%
47,1437,1315,100%,60%,80%
48,1437,1413,100%,56%,78%
49,1437,1274,75%,35%,55%
50,1437,1305,77%,30%,54%
51,1437,1436,62%,31%,46%
52,1437,1166,98%,41%,70%
53,1437,1233,98%,41%,70%
54,1437,1329,94%,56%,75%
55,1437,1240,100%,57%,79%
56,1437,1411,95%,33%,64%
57,1437,1371,83%,45%,64%
58,1437,1278,63%,16%,40%
59,1437,1457,98%,55%,77%
60,1437,1243,97%,44%,71%
61,1437,1245,98%,48%,73%
62,1437,1173,93%,31%,62%
63,1437,1297,99%,57%,78%
64,1458,1438,2%,15%,9%
65,1458,1196,4%,7%,6%
66,1458,1425,17%,20%,19%
67,1458,1124,82%,35%,58%
68,1458,1376,68%,40%,54%
69,1458,1181,6%,4%,5%
70,1458,1211,0%,18%,9%
71,1458,1321,9%,15%,12%
72,1458,1323,7%,8%,8%
73,1458,1452,44%,37%,40%
74,1458,1462,43%,38%,40%
75,1458,1199,14%,13%,13%
76,1458,1388,19%,20%,19%
77,1458,1112,13%,7%,10%
78,1458,1242,60%,29%,44%
79,1458,1277,96%,54%,75%
80,1458,1235,9%,10%,9%
81,1458,1345,95%,40%,67%
82,1458,1348,3%,18%,10%
83,1458,1332,41%,9%,25%
84,1458,1276,9%,24%,16%
85,1458,1257,2%,8%,5%
86,1458,1314,34%,18%,26%
87,1458,1116,6%,15%,11%
88,1458,1292,2%,25%,13%
89,1458,1139,5%,12%,9%
90,1458,1153,4%,13%,8%
91,1458,1417,63%,22%,43%
92,1458,1455,1%,14%,8%
93,1458,1246,10%,18%,14%
94,1458,1291,99%,61%,80%
95,1458,1439,89%,36%,62%
96,1458,1423,19%,33%,26%
97,1458,1190,91%,71%,81%
98,1458,1374,22%,12%,17%
99,1458,1307,72%,57%,64%
100,1458,1266,77%,37%,57%
101,1458,1407,94%,60%,77%
102,1458,1377,24%,32%,28%
103,1458,1435,72%,44%,58%
104,1458,1343,19%,27%,23%
105,1458,1137,86%,68%,77%
106,1458,1268,88%,42%,65%
107,1458,1195,66%,55%,61%
108,1458,1433,33%,46%,40%
109,1458,1315,97%,71%,84%
110,1458,1413,99%,67%,83%
111,1458,1274,26%,39%,33%
112,1458,1305,29%,23%,26%
113,1458,1436,16%,28%,22%
114,1458,1166,88%,38%,63%
115,1458,1233,88%,46%,67%
116,1458,1329,66%,61%,64%
117,1458,1240,99%,66%,82%
118,1458,1411,68%,33%,50%
119,1458,1371,37%,49%,43%
120,1458,1278,17%,13%,15%
121,1458,1457,87%,62%,74%
122,1458,1243,78%,50%,64%
123,1458,1245,83%,58%,70%
124,1458,1173,60%,22%,41%
125,1458,1297,96%,65%,80%
126,1438,1196,1%,8%,4%
127,1438,1425,4%,18%,11%
128,1438,1124,48%,37%,43%
129,1438,1376,31%,34%,32%
130,1438,1181,1%,5%,3%
131,1438,1211,0%,20%,10%
132,1438,1321,2%,14%,8%
133,1438,1323,2%,10%,6%
134,1438,1452,14%,37%,26%
135,1438,1462,13%,35%,24%
136,1438,1199,3%,14%,8%
137,1438,1388,5%,20%,12%
138,1438,1112,3%,10%,6%
139,1438,1242,24%,29%,26%
140,1438,1277,85%,53%,69%
141,1438,1235,2%,11%,6%
142,1438,1345,80%,42%,61%
143,1438,1348,1%,18%,9%
144,1438,1332,12%,12%,12%
145,1438,1276,2%,26%,14%
146,1438,1257,1%,9%,5%
147,1438,1314,10%,19%,14%
148,1438,1116,1%,13%,7%
149,1438,1292,0%,23%,12%
150,1438,1139,1%,12%,7%
151,1438,1153,1%,15%,8%
152,1438,1417,26%,22%,24%
153,1438,1455,0%,17%,8%
154,1438,1246,2%,18%,10%
155,1438,1291,94%,52%,73%
156,1438,1439,64%,30%,47%
157,1438,1423,5%,29%,17%
158,1438,1190,67%,63%,65%
159,1438,1374,6%,14%,10%
160,1438,1307,34%,46%,40%
161,1438,1266,41%,34%,38%
162,1438,1407,78%,51%,64%
163,1438,1377,6%,28%,17%
164,1438,1435,35%,40%,37%
165,1438,1343,5%,23%,14%
166,1438,1137,57%,58%,57%
167,1438,1268,61%,37%,49%
168,1438,1195,29%,49%,39%
169,1438,1433,9%,42%,26%
170,1438,1315,88%,61%,74%
171,1438,1413,97%,56%,76%
172,1438,1274,7%,36%,21%
173,1438,1305,8%,22%,15%
174,1438,1436,4%,25%,14%
175,1438,1166,61%,38%,49%
176,1438,1233,60%,38%,49%
177,1438,1329,29%,56%,43%
178,1438,1240,95%,54%,75%
179,1438,1411,30%,27%,29%
180,1438,1371,11%,43%,27%
181,1438,1278,4%,10%,7%
182,1438,1457,58%,54%,56%
183,1438,1243,42%,45%,43%
184,1438,1245,50%,48%,49%
185,1438,1173,24%,24%,24%
186,1438,1297,82%,56%,69%
187,1196,1425,7%,25%,16%
188,1196,1124,60%,42%,51%
189,1196,1376,42%,47%,44%
190,1196,1181,2%,4%,3%
191,1196,1211,0%,20%,10%
192,1196,1321,3%,21%,12%
193,1196,1323,3%,11%,7%
194,1196,1452,21%,43%,32%
195,1196,1462,20%,50%,35%
196,1196,1199,5%,16%,11%
197,1196,1388,7%,21%,14%
198,1196,1112,5%,11%,8%
199,1196,1242,34%,35%,34%
200,1196,1277,90%,61%,76%
201,1196,1235,3%,11%,7%
202,1196,1345,86%,48%,67%
203,1196,1348,1%,24%,13%
204,1196,1332,19%,14%,16%
205,1196,1276,3%,28%,16%
206,1196,1257,1%,8%,5%
207,1196,1314,15%,21%,18%
208,1196,1116,2%,21%,12%
209,1196,1292,1%,25%,13%
210,1196,1139,2%,14%,8%
211,1196,1153,1%,17%,9%
212,1196,1417,36%,25%,31%
213,1196,1455,0%,16%,8%
214,1196,1246,4%,19%,11%
215,1196,1291,96%,67%,82%
216,1196,1439,74%,39%,57%
217,1196,1423,7%,36%,22%
218,1196,1190,77%,74%,75%
219,1196,1374,9%,15%,12%
220,1196,1307,46%,68%,57%
221,1196,1266,53%,42%,48%
222,1196,1407,85%,68%,77%
223,1196,1377,10%,36%,23%
224,1196,1435,47%,50%,48%
225,1196,1343,7%,26%,17%
226,1196,1137,68%,74%,71%
227,1196,1268,72%,55%,63%
228,1196,1195,40%,63%,52%
229,1196,1433,14%,61%,38%
230,1196,1315,92%,75%,84%
231,1196,1413,98%,75%,86%
232,1196,1274,11%,50%,30%
233,1196,1305,12%,26%,19%
234,1196,1436,6%,27%,17%
235,1196,1166,71%,47%,59%
236,1196,1233,71%,49%,60%
237,1196,1329,40%,64%,52%
238,1196,1240,97%,72%,84%
239,1196,1411,41%,34%,38%
240,1196,1371,17%,63%,40%
241,1196,1278,7%,19%,13%
242,1196,1457,69%,66%,68%
243,1196,1243,54%,57%,56%
244,1196,1245,62%,69%,65%
245,1196,1173,34%,30%,32%
246,1196,1297,88%,74%,81%
247,1425,1124,15%,22%,18%
248,1425,1376,8%,23%,16%
249,1425,1181,0%,1%,1%
250,1425,1211,0%,13%,7%
251,1425,1321,0%,8%,4%
252,1425,1323,0%,5%,3%
253,1425,1452,3%,23%,13%
254,1425,1462,3%,19%,11%
255,1425,1199,1%,5%,3%
256,1425,1388,1%,13%,7%
257,1425,1112,1%,2%,1%
258,1425,1242,6%,13%,9%
259,1425,1277,52%,40%,46%
260,1425,1235,0%,4%,2%
261,1425,1345,43%,27%,35%
262,1425,1348,0%,12%,6%
263,1425,1332,3%,4%,3%
264,1425,1276,0%,18%,9%
265,1425,1257,0%,4%,2%
266,1425,1314,2%,12%,7%
267,1425,1116,0%,8%,4%
268,1425,1292,0%,16%,8%
269,1425,1139,0%,5%,3%
270,1425,1153,0%,9%,4%
271,1425,1417,6%,17%,12%
272,1425,1455,0%,9%,4%
273,1425,1246,0%,10%,5%
274,1425,1291,74%,46%,60%
275,1425,1439,25%,24%,25%
276,1425,1423,1%,28%,14%
277,1425,1190,28%,61%,45%
278,1425,1374,1%,7%,4%
279,1425,1307,9%,44%,27%
280,1425,1266,12%,28%,20%
281,1425,1407,40%,45%,43%
282,1425,1377,1%,24%,13%
283,1425,1435,9%,27%,18%
284,1425,1343,1%,16%,8%
285,1425,1137,20%,53%,37%
286,1425,1268,23%,27%,25%
287,1425,1195,7%,42%,25%
288,1425,1433,2%,37%,19%
289,1425,1315,58%,59%,59%
290,1425,1413,86%,54%,70%
291,1425,1274,1%,19%,10%
292,1425,1305,2%,16%,9%
293,1425,1436,1%,17%,9%
294,1425,1166,23%,19%,21%
295,1425,1233,23%,38%,30%
296,1425,1329,7%,45%,26%
297,1425,1240,80%,51%,65%
298,1425,1411,8%,24%,16%
299,1425,1371,2%,33%,18%
300,1425,1278,1%,7%,4%
301,1425,1457,21%,51%,36%
302,1425,1243,12%,30%,21%
303,1425,1245,16%,46%,31%
304,1425,1173,6%,16%,11%
305,1425,1297,47%,54%,51%
306,1124,1376,95%,67%,81%
307,1124,1181,37%,14%,25%
308,1124,1211,4%,31%,17%
309,1124,1321,47%,36%,41%
310,1124,1323,41%,25%,33%
311,1124,1452,88%,65%,76%
312,1124,1462,87%,68%,78%
313,1124,1199,59%,34%,46%
314,1124,1388,68%,35%,51%
315,1124,1112,57%,26%,42%
316,1124,1242,93%,54%,74%
317,1124,1277,100%,76%,88%
318,1124,1235,46%,21%,34%
319,1124,1345,99%,65%,82%
320,1124,1348,22%,44%,33%
321,1124,1332,86%,33%,59%
322,1124,1276,46%,44%,45%
323,1124,1257,18%,16%,17%
324,1124,1314,82%,29%,56%
325,1124,1116,38%,36%,37%
326,1124,1292,14%,40%,27%
327,1124,1139,32%,30%,31%
328,1124,1153,26%,35%,31%
329,1124,1417,94%,38%,66%
330,1124,1455,11%,28%,19%
331,1124,1246,50%,28%,39%
332,1124,1291,100%,81%,90%
333,1124,1439,99%,57%,78%
334,1124,1423,68%,45%,56%
335,1124,1190,99%,83%,91%
336,1124,1374,72%,32%,52%
337,1124,1307,96%,81%,89%
338,1124,1266,97%,59%,78%
339,1124,1407,99%,82%,91%
340,1124,1377,74%,49%,62%
341,1124,1435,96%,63%,80%
342,1124,1343,67%,43%,55%
343,1124,1137,98%,86%,92%
344,1124,1268,99%,78%,88%
345,1124,1195,95%,79%,87%
346,1124,1433,82%,80%,81%
347,1124,1315,100%,85%,93%
348,1124,1413,100%,85%,93%
349,1124,1274,76%,69%,72%
350,1124,1305,79%,39%,59%
351,1124,1436,64%,43%,53%
352,1124,1166,99%,69%,84%
353,1124,1233,98%,65%,82%
354,1124,1329,95%,72%,83%
355,1124,1240,100%,85%,92%
356,1124,1411,95%,48%,71%
357,1124,1371,84%,80%,82%
358,1124,1278,65%,34%,50%
359,1124,1457,98%,82%,90%
360,1124,1243,97%,75%,86%
361,1124,1245,98%,81%,90%
362,1124,1173,93%,51%,72%
363,1124,1297,99%,86%,93%
364,1376,1181,11%,8%,9%
365,1376,1211,1%,22%,11%
366,1376,1321,15%,24%,20%
367,1376,1323,12%,17%,15%
368,1376,1452,59%,44%,52%
369,1376,1462,58%,50%,54%
370,1376,1199,23%,22%,22%
371,1376,1388,30%,23%,27%
372,1376,1112,22%,14%,18%
373,1376,1242,74%,43%,58%
374,1376,1277,98%,63%,81%
375,1376,1235,15%,15%,15%
376,1376,1345,97%,55%,76%
377,1376,1348,5%,28%,17%
378,1376,1332,56%,16%,36%
379,1376,1276,15%,27%,21%
380,1376,1257,4%,11%,8%
381,1376,1314,49%,23%,36%
382,1376,1116,11%,26%,19%
383,1376,1292,3%,27%,15%
384,1376,1139,9%,16%,12%
385,1376,1153,7%,21%,14%
386,1376,1417,76%,28%,52%
387,1376,1455,3%,18%,10%
388,1376,1246,17%,21%,19%
389,1376,1291,99%,65%,82%
390,1376,1439,94%,46%,70%
391,1376,1423,30%,38%,34%
392,1376,1190,95%,76%,85%
393,1376,1374,34%,19%,27%
394,1376,1307,82%,68%,75%
395,1376,1266,86%,50%,68%
396,1376,1407,97%,62%,80%
397,1376,1377,37%,37%,37%
398,1376,1435,83%,51%,67%
399,1376,1343,30%,30%,30%
400,1376,1137,92%,73%,83%
401,1376,1268,93%,58%,76%
402,1376,1195,79%,61%,70%
403,1376,1433,48%,64%,56%
404,1376,1315,98%,75%,87%
405,1376,1413,100%,72%,86%
406,1376,1274,39%,50%,45%
407,1376,1305,43%,31%,37%
408,1376,1436,27%,30%,28%
409,1376,1166,93%,50%,72%
410,1376,1233,93%,57%,75%
411,1376,1329,79%,64%,71%
412,1376,1240,99%,69%,84%
413,1376,1411,80%,39%,59%
414,1376,1371,52%,66%,59%
415,1376,1278,28%,20%,24%
416,1376,1457,93%,66%,79%
417,1376,1243,87%,59%,73%
418,1376,1245,90%,68%,79%
419,1376,1173,74%,36%,55%
420,1376,1297,98%,70%,84%
421,1181,1211,0%,19%,10%
422,1181,1321,1%,19%,10%
423,1181,1323,1%,9%,5%
424,1181,1452,11%,38%,24%
425,1181,1462,10%,41%,25%
426,1181,1199,2%,16%,9%
427,1181,1388,3%,20%,12%
428,1181,1112,2%,10%,6%
429,1181,1242,18%,28%,23%
430,1181,1277,80%,56%,68%
431,1181,1235,1%,10%,6%
432,1181,1345,74%,40%,57%
433,1181,1348,0%,23%,12%
434,1181,1332,9%,12%,11%
435,1181,1276,1%,32%,17%
436,1181,1257,0%,8%,4%
437,1181,1314,7%,18%,13%
438,1181,1116,1%,18%,10%
439,1181,1292,0%,25%,13%
440,1181,1139,1%,16%,8%
441,1181,1153,1%,18%,9%
442,1181,1417,20%,23%,22%
443,1181,1455,0%,15%,8%
444,1181,1246,2%,18%,10%
445,1181,1291,91%,63%,77%
446,1181,1439,56%,36%,46%
447,1181,1423,3%,34%,19%
448,1181,1190,59%,65%,62%
449,1181,1374,4%,14%,9%
450,1181,1307,27%,60%,44%
451,1181,1266,33%,35%,34%
452,1181,1407,72%,61%,66%
453,1181,1377,5%,34%,19%
454,1181,1435,28%,41%,35%
455,1181,1343,3%,27%,15%
456,1181,1137,49%,64%,57%
457,1181,1268,53%,43%,48%
458,1181,1195,23%,57%,40%
459,1181,1433,7%,49%,28%
460,1181,1315,84%,68%,76%
461,1181,1413,96%,67%,82%
462,1181,1274,5%,39%,22%
463,1181,1305,6%,26%,16%
464,1181,1436,3%,27%,15%
465,1181,1166,52%,41%,47%
466,1181,1233,52%,44%,48%
467,1181,1329,23%,59%,41%
468,1181,1240,94%,63%,79%
469,1181,1411,24%,31%,28%
470,1181,1371,8%,52%,30%
471,1181,1278,3%,14%,8%
472,1181,1457,50%,61%,56%
473,1181,1243,34%,50%,42%
474,1181,1245,42%,60%,51%
475,1181,1173,18%,29%,24%
476,1181,1297,77%,66%,71%
477,1211,1321,0%,35%,18%
478,1211,1323,0%,27%,13%
479,1211,1452,4%,50%,27%
480,1211,1462,4%,45%,25%
481,1211,1199,1%,32%,16%
482,1211,1388,1%,42%,21%
483,1211,1112,1%,32%,16%
484,1211,1242,7%,38%,22%
485,1211,1277,58%,53%,55%
486,1211,1235,0%,28%,14%
487,1211,1345,49%,44%,46%
488,1211,1348,0%,38%,19%
489,1211,1332,3%,30%,17%
490,1211,1276,0%,44%,22%
491,1211,1257,0%,24%,12%
492,1211,1314,3%,30%,16%
493,1211,1116,0%,33%,16%
494,1211,1292,0%,38%,19%
495,1211,1139,0%,35%,18%
496,1211,1153,0%,40%,20%
497,1211,1417,8%,37%,22%
498,1211,1455,0%,35%,17%
499,1211,1246,1%,30%,15%
500,1211,1291,78%,57%,68%
501,1211,1439,30%,41%,35%
502,1211,1423,1%,39%,20%
503,1211,1190,33%,61%,47%
504,1211,1374,1%,39%,20%
505,1211,1307,11%,53%,32%
506,1211,1266,14%,44%,29%
507,1211,1407,46%,57%,51%
508,1211,1377,2%,37%,19%
509,1211,1435,11%,43%,27%
510,1211,1343,1%,39%,20%
511,1211,1137,24%,58%,41%
512,1211,1268,27%,46%,37%
513,1211,1195,9%,53%,31%
514,1211,1433,2%,51%,27%
515,1211,1315,64%,63%,63%
516,1211,1413,89%,61%,75%
517,1211,1274,2%,45%,24%
518,1211,1305,2%,34%,18%
519,1211,1436,1%,35%,18%
520,1211,1166,27%,45%,36%
521,1211,1233,27%,46%,36%
522,1211,1329,9%,60%,35%
523,1211,1240,83%,59%,71%
524,1211,1411,10%,38%,24%
525,1211,1371,3%,50%,26%
526,1211,1278,1%,31%,16%
527,1211,1457,25%,55%,40%
528,1211,1243,15%,53%,34%
529,1211,1245,19%,55%,37%
530,1211,1173,7%,40%,24%
531,1211,1297,52%,60%,56%
532,1321,1323,0%,6%,3%
533,1321,1452,1%,28%,14%
534,1321,1462,1%,27%,14%
535,1321,1199,0%,8%,4%
536,1321,1388,0%,11%,5%
537,1321,1112,0%,4%,2%
538,1321,1242,1%,21%,11%
539,1321,1277,16%,45%,31%
540,1321,1235,0%,6%,3%
541,1321,1345,11%,32%,22%
542,1321,1348,0%,10%,5%
543,1321,1332,0%,6%,3%
544,1321,1276,0%,18%,9%
545,1321,1257,0%,6%,3%
546,1321,1314,0%,15%,7%
547,1321,1116,0%,10%,5%
548,1321,1292,0%,14%,7%
549,1321,1139,0%,7%,3%
550,1321,1153,0%,7%,4%
551,1321,1417,1%,17%,9%
552,1321,1455,0%,9%,5%
553,1321,1246,0%,15%,7%
554,1321,1291,33%,44%,39%
555,1321,1439,5%,23%,14%
556,1321,1423,0%,23%,11%
557,1321,1190,6%,56%,31%
558,1321,1374,0%,6%,3%
559,1321,1307,2%,42%,22%
560,1321,1266,2%,31%,17%
561,1321,1407,10%,43%,27%
562,1321,1377,0%,22%,11%
563,1321,1435,2%,32%,17%
564,1321,1343,0%,13%,7%
565,1321,1137,4%,49%,26%
566,1321,1268,5%,28%,17%
567,1321,1195,1%,41%,21%
568,1321,1433,0%,35%,17%
569,1321,1315,19%,57%,38%
570,1321,1413,51%,52%,51%
571,1321,1274,0%,28%,14%
572,1321,1305,0%,12%,6%
573,1321,1436,0%,16%,8%
574,1321,1166,5%,24%,15%
575,1321,1233,5%,33%,19%
576,1321,1329,1%,52%,26%
577,1321,1240,40%,50%,45%
578,1321,1411,1%,24%,13%
579,1321,1371,0%,36%,18%
580,1321,1278,0%,7%,4%
581,1321,1457,4%,45%,25%
582,1321,1243,2%,37%,20%
583,1321,1245,3%,44%,23%
584,1321,1173,1%,12%,7%
585,1321,1297,13%,49%,31%
586,1323,1452,9%,36%,23%
587,1323,1462,8%,32%,20%
588,1323,1199,2%,12%,7%
589,1323,1388,3%,18%,10%
590,1323,1112,2%,7%,4%
591,1323,1242,16%,28%,22%
592,1323,1277,77%,53%,65%
593,1323,1235,1%,12%,6%
594,1323,1345,70%,39%,55%
595,1323,1348,0%,17%,9%
596,1323,1332,8%,11%,9%
597,1323,1276,1%,26%,14%
598,1323,1257,0%,8%,4%
599,1323,1314,6%,19%,12%
600,1323,1116,1%,13%,7%
601,1323,1292,0%,22%,11%
602,1323,1139,1%,12%,7%
603,1323,1153,0%,14%,7%
604,1323,1417,17%,21%,19%
605,1323,1455,0%,13%,7%
606,1323,1246,1%,17%,9%
607,1323,1291,90%,48%,69%
608,1323,1439,51%,30%,41%
609,1323,1423,3%,30%,16%
610,1323,1190,54%,63%,59%
611,1323,1374,3%,12%,7%
612,1323,1307,24%,41%,32%
613,1323,1266,29%,33%,31%
614,1323,1407,68%,46%,57%
615,1323,1377,4%,28%,16%
616,1323,1435,24%,36%,30%
617,1323,1343,3%,23%,13%
618,1323,1137,44%,55%,50%
619,1323,1268,48%,35%,41%
620,1323,1195,20%,45%,32%
621,1323,1433,6%,38%,22%
622,1323,1315,81%,60%,70%
623,1323,1413,95%,53%,74%
624,1323,1274,4%,31%,18%
625,1323,1305,5%,23%,14%
626,1323,1436,2%,24%,13%
627,1323,1166,48%,35%,41%
628,1323,1233,47%,40%,43%
629,1323,1329,20%,59%,40%
630,1323,1240,92%,51%,72%
631,1323,1411,20%,28%,24%
632,1323,1371,7%,38%,23%
633,1323,1278,2%,12%,7%
634,1323,1457,45%,52%,48%
635,1323,1243,30%,44%,37%
636,1323,1245,37%,41%,39%
637,1323,1173,16%,24%,20%
638,1323,1297,73%,53%,63%
639,1452,1462,91%,67%,79%
640,1452,1199,69%,37%,53%
641,1452,1388,77%,40%,58%
642,1452,1112,68%,32%,50%
643,1452,1242,95%,51%,73%
644,1452,1277,100%,75%,88%
645,1452,1235,57%,26%,41%
646,1452,1345,100%,64%,82%
647,1452,1348,30%,48%,39%
648,1452,1332,91%,36%,63%
649,1452,1276,57%,41%,49%
650,1452,1257,26%,23%,24%
651,1452,1314,88%,34%,61%
652,1452,1116,49%,42%,46%
653,1452,1292,21%,47%,34%
654,1452,1139,42%,32%,37%
655,1452,1153,36%,39%,37%
656,1452,1417,96%,41%,68%
657,1452,1455,16%,36%,26%
658,1452,1246,61%,33%,47%
659,1452,1291,100%,80%,90%
660,1452,1439,99%,57%,78%
661,1452,1423,77%,52%,64%
662,1452,1190,99%,88%,93%
663,1452,1374,80%,36%,58%
664,1452,1307,97%,84%,91%
665,1452,1266,98%,58%,78%
666,1452,1407,100%,84%,92%
667,1452,1377,82%,55%,68%
668,1452,1435,97%,65%,81%
669,1452,1343,76%,49%,63%
670,1452,1137,99%,89%,94%
671,1452,1268,99%,77%,88%
672,1452,1195,97%,81%,89%
673,1452,1433,88%,80%,84%
674,1452,1315,100%,87%,93%
675,1452,1413,100%,87%,94%
676,1452,1274,83%,68%,76%
677,1452,1305,85%,48%,66%
678,1452,1436,73%,47%,60%
679,1452,1166,99%,67%,83%
680,1452,1233,99%,68%,84%
681,1452,1329,97%,72%,84%
682,1452,1240,100%,85%,92%
683,1452,1411,97%,51%,74%
684,1452,1371,89%,82%,85%
685,1452,1278,74%,38%,56%
686,1452,1457,99%,82%,91%
687,1452,1243,98%,74%,86%
688,1452,1245,99%,82%,90%
689,1452,1173,95%,53%,74%
690,1452,1297,100%,88%,94%
691,1462,1199,2%,14%,8%
692,1462,1388,2%,17%,10%
693,1462,1112,2%,6%,4%
694,1462,1242,14%,22%,18%
695,1462,1277,75%,50%,63%
696,1462,1235,1%,9%,5%
697,1462,1345,67%,36%,52%
698,1462,1348,0%,18%,9%
699,1462,1332,7%,10%,8%
700,1462,1276,1%,20%,10%
701,1462,1257,0%,9%,5%
702,1462,1314,5%,15%,10%
703,1462,1116,1%,17%,9%
704,1462,1292,0%,17%,9%
705,1462,1139,1%,9%,5%
706,1462,1153,0%,12%,6%
707,1462,1417,16%,20%,18%
708,1462,1455,0%,13%,7%
709,1462,1246,1%,14%,8%
710,1462,1291,89%,58%,74%
711,1462,1439,48%,34%,41%
712,1462,1423,2%,32%,17%
713,1462,1190,51%,69%,60%
714,1462,1374,3%,12%,8%
715,1462,1307,22%,61%,41%
716,1462,1266,27%,42%,35%
717,1462,1407,65%,59%,62%
718,1462,1377,3%,32%,17%
719,1462,1435,22%,32%,27%
720,1462,1343,2%,19%,11%
721,1462,1137,41%,66%,53%
722,1462,1268,45%,43%,44%
723,1462,1195,18%,53%,35%
724,1462,1433,5%,54%,30%
725,1462,1315,79%,71%,75%
726,1462,1413,94%,67%,81%
727,1462,1274,4%,34%,19%
728,1462,1305,4%,23%,14%
729,1462,1436,2%,21%,12%
730,1462,1166,45%,31%,38%
731,1462,1233,44%,49%,46%
732,1462,1329,18%,52%,35%
733,1462,1240,91%,65%,78%
734,1462,1411,19%,32%,25%
735,1462,1371,6%,47%,27%
736,1462,1278,2%,11%,7%
737,1462,1457,42%,60%,51%
738,1462,1243,28%,45%,36%
739,1462,1245,34%,65%,50%
740,1462,1173,14%,26%,20%
741,1462,1297,70%,67%,69%
742,1199,1388,1%,23%,12%
743,1199,1112,1%,15%,8%
744,1199,1242,7%,37%,22%
745,1199,1277,59%,63%,61%
746,1199,1235,0%,12%,6%
747,1199,1345,50%,52%,51%
748,1199,1348,0%,26%,13%
749,1199,1332,3%,19%,11%
750,1199,1276,0%,37%,19%
751,1199,1257,0%,9%,5%
752,1199,1314,3%,23%,13%
753,1199,1116,0%,22%,11%
754,1199,1292,0%,29%,14%
755,1199,1139,0%,21%,11%
756,1199,1153,0%,20%,10%
757,1199,1417,8%,26%,17%
758,1199,1455,0%,17%,9%
759,1199,1246,1%,21%,11%
760,1199,1291,79%,73%,76%
761,1199,1439,30%,44%,37%
762,1199,1423,1%,38%,19%
763,1199,1190,34%,79%,56%
764,1199,1374,1%,17%,9%
765,1199,1307,12%,69%,40%
766,1199,1266,15%,44%,30%
767,1199,1407,47%,72%,59%
768,1199,1377,2%,39%,20%
769,1199,1435,12%,50%,31%
770,1199,1343,1%,31%,16%
771,1199,1137,25%,78%,52%
772,1199,1268,28%,58%,43%
773,1199,1195,9%,68%,38%
774,1199,1433,3%,63%,33%
775,1199,1315,65%,80%,72%
776,1199,1413,89%,80%,84%
777,1199,1274,2%,51%,26%
778,1199,1305,2%,28%,15%
779,1199,1436,1%,30%,16%
780,1199,1166,28%,53%,40%
781,1199,1233,28%,52%,40%
782,1199,1329,9%,64%,37%
783,1199,1240,84%,75%,79%
784,1199,1411,10%,35%,23%
785,1199,1371,3%,65%,34%
786,1199,1278,1%,19%,10%
787,1199,1457,26%,72%,49%
788,1199,1243,16%,59%,37%
789,1199,1245,20%,71%,46%
790,1199,1173,7%,35%,21%
791,1199,1297,53%,78%,65%
792,1388,1112,7%,17%,12%
793,1388,1242,43%,31%,37%
794,1388,1277,93%,49%,71%
795,1388,1235,5%,18%,11%
796,1388,1345,90%,41%,66%
797,1388,1348,2%,25%,13%
798,1388,1332,26%,17%,21%
799,1388,1276,4%,30%,17%
800,1388,1257,1%,12%,7%
801,1388,1314,21%,19%,20%
802,1388,1116,3%,21%,12%
803,1388,1292,1%,31%,16%
804,1388,1139,3%,20%,11%
805,1388,1153,2%,25%,13%
806,1388,1417,46%,26%,36%
807,1388,1455,1%,23%,12%
808,1388,1246,5%,19%,12%
809,1388,1291,97%,53%,75%
810,1388,1439,81%,32%,57%
811,1388,1423,10%,36%,23%
812,1388,1190,83%,62%,73%
813,1388,1374,12%,24%,18%
814,1388,1307,56%,48%,52%
815,1388,1266,63%,35%,49%
816,1388,1407,89%,53%,71%
817,1388,1377,14%,32%,23%
818,1388,1435,56%,37%,47%
819,1388,1343,10%,30%,20%
820,1388,1137,76%,57%,66%
821,1388,1268,79%,39%,59%
822,1388,1195,50%,50%,50%
823,1388,1433,20%,45%,33%
824,1388,1315,95%,61%,78%
825,1388,1413,99%,56%,77%
826,1388,1274,15%,34%,25%
827,1388,1305,17%,28%,23%
828,1388,1436,9%,31%,20%
829,1388,1166,79%,37%,58%
830,1388,1233,78%,41%,60%
831,1388,1329,50%,55%,53%
832,1388,1240,98%,58%,78%
833,1388,1411,51%,35%,43%
834,1388,1371,23%,42%,33%
835,1388,1278,9%,18%,14%
836,1388,1457,77%,55%,66%
837,1388,1243,64%,45%,55%
838,1388,1245,71%,50%,60%
839,1388,1173,43%,29%,36%
840,1388,1297,92%,57%,74%
841,1112,1242,41%,33%,37%
842,1112,1277,93%,58%,75%
843,1112,1235,4%,14%,9%
844,1112,1345,90%,42%,66%
845,1112,1348,1%,28%,15%
846,1112,1332,24%,17%,20%
847,1112,1276,4%,38%,21%
848,1112,1257,1%,10%,5%
849,1112,1314,19%,18%,19%
850,1112,1116,3%,22%,12%
851,1112,1292,1%,33%,17%
852,1112,1139,2%,21%,12%
853,1112,1153,2%,26%,14%
854,1112,1417,44%,28%,36%
855,1112,1455,1%,23%,12%
856,1112,1246,5%,19%,12%
857,1112,1291,97%,67%,82%
858,1112,1439,79%,43%,61%
859,1112,1423,10%,41%,25%
860,1112,1190,82%,73%,77%
861,1112,1374,11%,23%,17%
862,1112,1307,53%,64%,59%
863,1112,1266,61%,38%,49%
864,1112,1407,89%,69%,79%
865,1112,1377,13%,38%,25%
866,1112,1435,54%,44%,49%
867,1112,1343,9%,35%,22%
868,1112,1137,75%,70%,72%
869,1112,1268,77%,50%,64%
870,1112,1195,47%,64%,56%
871,1112,1433,19%,57%,38%
872,1112,1315,94%,74%,84%
873,1112,1413,99%,73%,86%
874,1112,1274,14%,43%,28%
875,1112,1305,16%,33%,24%
876,1112,1436,8%,34%,21%
877,1112,1166,77%,47%,62%
878,1112,1233,77%,50%,64%
879,1112,1329,48%,61%,54%
880,1112,1240,98%,71%,84%
881,1112,1411,49%,39%,44%
882,1112,1371,21%,57%,39%
883,1112,1278,9%,18%,13%
884,1112,1457,75%,67%,71%
885,1112,1243,62%,54%,58%
886,1112,1245,69%,64%,66%
887,1112,1173,41%,35%,38%
888,1112,1297,91%,72%,81%
889,1242,1277,99%,77%,88%
890,1242,1235,28%,26%,27%
891,1242,1345,99%,66%,83%
892,1242,1348,11%,56%,33%
893,1242,1332,73%,44%,59%
894,1242,1276,27%,52%,40%
895,1242,1257,9%,23%,16%
896,1242,1314,68%,38%,53%
897,1242,1116,22%,46%,34%
898,1242,1292,7%,53%,30%
899,1242,1139,17%,39%,28%
900,1242,1153,14%,47%,30%
901,1242,1417,87%,44%,66%
902,1242,1455,5%,40%,22%
903,1242,1246,31%,37%,34%
904,1242,1291,100%,88%,94%
905,1242,1439,97%,62%,80%
906,1242,1423,48%,53%,51%
907,1242,1190,98%,90%,94%
908,1242,1374,53%,44%,49%
909,1242,1307,91%,89%,90%
910,1242,1266,93%,60%,77%
911,1242,1407,99%,87%,93%
912,1242,1377,56%,57%,57%
913,1242,1435,91%,64%,78%
914,1242,1343,48%,54%,51%
915,1242,1137,96%,92%,94%
916,1242,1268,97%,82%,90%
917,1242,1195,89%,87%,88%
918,1242,1433,67%,86%,76%
919,1242,1315,99%,91%,95%
920,1242,1413,100%,93%,96%
921,1242,1274,59%,74%,66%
922,1242,1305,62%,51%,56%
923,1242,1436,44%,52%,48%
924,1242,1166,97%,73%,85%
925,1242,1233,97%,69%,83%
926,1242,1329,89%,74%,81%
927,1242,1240,100%,91%,96%
928,1242,1411,89%,52%,71%
929,1242,1371,70%,88%,79%
930,1242,1278,46%,44%,45%
931,1242,1457,96%,87%,92%
932,1242,1243,93%,79%,86%
933,1242,1245,95%,89%,92%
934,1242,1173,86%,64%,75%
935,1242,1297,99%,93%,96%
936,1277,1235,0%,14%,7%
937,1277,1345,38%,39%,38%
938,1277,1348,0%,28%,14%
939,1277,1332,2%,13%,8%
940,1277,1276,0%,26%,13%
941,1277,1257,0%,14%,7%
942,1277,1314,2%,20%,11%
943,1277,1116,0%,23%,12%
944,1277,1292,0%,26%,13%
945,1277,1139,0%,18%,9%
946,1277,1153,0%,18%,9%
947,1277,1417,5%,22%,13%
948,1277,1455,0%,16%,8%
949,1277,1246,0%,18%,9%
950,1277,1291,70%,48%,59%
951,1277,1439,21%,36%,29%
952,1277,1423,1%,36%,18%
953,1277,1190,24%,59%,42%
954,1277,1374,1%,16%,9%
955,1277,1307,8%,49%,28%
956,1277,1266,10%,42%,26%
957,1277,1407,35%,50%,43%
958,1277,1377,1%,35%,18%
959,1277,1435,8%,33%,20%
960,1277,1343,1%,27%,14%
961,1277,1137,17%,54%,36%
962,1277,1268,19%,41%,30%
963,1277,1195,6%,47%,27%
964,1277,1433,2%,50%,26%
965,1277,1315,53%,61%,57%
966,1277,1413,83%,56%,70%
967,1277,1274,1%,34%,18%
968,1277,1305,1%,26%,14%
969,1277,1436,1%,28%,14%
970,1277,1166,19%,33%,26%
971,1277,1233,19%,46%,33%
972,1277,1329,6%,50%,28%
973,1277,1240,76%,55%,66%
974,1277,1411,6%,37%,22%
975,1277,1371,2%,47%,24%
976,1277,1278,1%,20%,10%
977,1277,1457,18%,50%,34%
978,1277,1243,10%,44%,27%
979,1277,1245,13%,55%,34%
980,1277,1173,5%,32%,19%
981,1277,1297,41%,58%,50%
982,1235,1345,80%,40%,60%
983,1235,1348,1%,18%,9%
984,1235,1332,13%,12%,13%
985,1235,1276,2%,28%,15%
986,1235,1257,1%,9%,5%
987,1235,1314,10%,19%,15%
988,1235,1116,1%,14%,8%
989,1235,1292,0%,25%,13%
990,1235,1139,1%,13%,7%
991,1235,1153,1%,15%,8%
992,1235,1417,27%,23%,25%
993,1235,1455,0%,17%,8%
994,1235,1246,2%,18%,10%
995,1235,1291,94%,48%,71%
996,1235,1439,65%,30%,48%
997,1235,1423,5%,31%,18%
998,1235,1190,68%,59%,64%
999,1235,1374,6%,15%,10%
1000,1235,1307,36%,42%,39%
1001,1235,1266,42%,34%,38%
1002,1235,1407,79%,48%,63%
1003,1235,1377,7%,31%,19%
1004,1235,1435,36%,38%,37%
1005,1235,1343,5%,26%,15%
1006,1235,1137,58%,53%,56%
1007,1235,1268,62%,33%,48%
1008,1235,1195,30%,46%,38%
1009,1235,1433,10%,38%,24%
1010,1235,1315,88%,57%,73%
1011,1235,1413,97%,51%,74%
1012,1235,1274,7%,32%,19%
1013,1235,1305,8%,23%,16%
1014,1235,1436,4%,26%,15%
1015,1235,1166,62%,36%,49%
1016,1235,1233,61%,39%,50%
1017,1235,1329,30%,57%,44%
1018,1235,1240,96%,49%,72%
1019,1235,1411,31%,30%,31%
1020,1235,1371,11%,39%,25%
1021,1235,1278,4%,13%,9%
1022,1235,1457,59%,50%,54%
1023,1235,1243,43%,44%,44%
1024,1235,1245,51%,43%,47%
1025,1235,1173,25%,25%,25%
1026,1235,1297,83%,52%,67%
1027,1345,1348,23%,47%,35%
1028,1345,1332,87%,33%,60%
1029,1345,1276,48%,42%,45%
1030,1345,1257,20%,21%,20%
1031,1345,1314,83%,33%,58%
1032,1345,1116,40%,42%,41%
1033,1345,1292,15%,43%,29%
1034,1345,1139,33%,33%,33%
1035,1345,1153,28%,41%,34%
1036,1345,1417,94%,39%,67%
1037,1345,1455,12%,33%,23%
1038,1345,1246,52%,32%,42%
1039,1345,1291,100%,75%,87%
1040,1345,1439,99%,57%,78%
1041,1345,1423,69%,48%,59%
1042,1345,1190,99%,78%,88%
1043,1345,1374,73%,36%,55%
1044,1345,1307,96%,74%,85%
1045,1345,1266,97%,57%,77%
1046,1345,1407,99%,76%,87%
1047,1345,1377,75%,53%,64%
1048,1345,1435,96%,58%,77%
1049,1345,1343,69%,42%,56%
1050,1345,1137,98%,80%,89%
1051,1345,1268,99%,71%,85%
1052,1345,1195,95%,73%,84%
1053,1345,1433,83%,77%,80%
1054,1345,1315,100%,81%,90%
1055,1345,1413,100%,78%,89%
1056,1345,1274,77%,61%,69%
1057,1345,1305,80%,43%,62%
1058,1345,1436,65%,43%,54%
1059,1345,1166,99%,64%,81%
1060,1345,1233,99%,63%,81%
1061,1345,1329,95%,67%,81%
1062,1345,1240,100%,78%,89%
1063,1345,1411,95%,51%,73%
1064,1345,1371,85%,73%,79%
1065,1345,1278,67%,37%,52%
1066,1345,1457,98%,75%,87%
1067,1345,1243,97%,70%,83%
1068,1345,1245,98%,74%,86%
1069,1345,1173,94%,56%,75%
1070,1345,1297,100%,80%,90%
1071,1348,1332,0%,3%,2%
1072,1348,1276,0%,17%,8%
1073,1348,1257,0%,4%,2%
1074,1348,1314,0%,14%,7%
1075,1348,1116,0%,9%,5%
1076,1348,1292,0%,18%,9%
1077,1348,1139,0%,6%,3%
1078,1348,1153,0%,7%,4%
1079,1348,1417,0%,18%,9%
1080,1348,1455,0%,9%,5%
1081,1348,1246,0%,12%,6%
1082,1348,1291,11%,49%,30%
1083,1348,1439,1%,27%,14%
1084,1348,1423,0%,27%,14%
1085,1348,1190,2%,62%,32%
1086,1348,1374,0%,7%,4%
1087,1348,1307,0%,47%,24%
1088,1348,1266,1%,34%,17%
1089,1348,1407,3%,47%,25%
1090,1348,1377,0%,24%,12%
1091,1348,1435,0%,31%,16%
1092,1348,1343,0%,18%,9%
1093,1348,1137,1%,54%,27%
1094,1348,1268,1%,29%,15%
1095,1348,1195,0%,44%,22%
1096,1348,1433,0%,39%,20%
1097,1348,1315,5%,62%,34%
1098,1348,1413,20%,57%,39%
1099,1348,1274,0%,27%,13%
1100,1348,1305,0%,16%,8%
1101,1348,1436,0%,20%,10%
1102,1348,1166,1%,22%,12%
1103,1348,1233,1%,37%,19%
1104,1348,1329,0%,50%,25%
1105,1348,1240,14%,55%,35%
1106,1348,1411,0%,25%,13%
1107,1348,1371,0%,41%,20%
1108,1348,1278,0%,7%,4%
1109,1348,1457,1%,49%,25%
1110,1348,1243,1%,38%,19%
1111,1348,1245,1%,48%,25%
1112,1348,1173,0%,15%,7%
1113,1348,1297,4%,54%,29%
1114,1332,1276,15%,43%,29%
1115,1332,1257,5%,12%,8%
1116,1332,1314,50%,22%,36%
1117,1332,1116,12%,28%,20%
1118,1332,1292,3%,41%,22%
1119,1332,1139,9%,27%,18%
1120,1332,1153,7%,34%,21%
1121,1332,1417,77%,32%,54%
1122,1332,1455,3%,28%,16%
1123,1332,1246,18%,23%,21%
1124,1332,1291,99%,77%,88%
1125,1332,1439,94%,50%,72%
1126,1332,1423,31%,46%,38%
1127,1332,1190,95%,83%,89%
1128,1332,1374,35%,30%,33%
1129,1332,1307,83%,72%,78%
1130,1332,1266,87%,48%,67%
1131,1332,1407,97%,77%,87%
1132,1332,1377,38%,45%,42%
1133,1332,1435,83%,53%,68%
1134,1332,1343,31%,41%,36%
1135,1332,1137,93%,81%,87%
1136,1332,1268,94%,64%,79%
1137,1332,1195,79%,74%,77%
1138,1332,1433,49%,71%,60%
1139,1332,1315,99%,84%,91%
1140,1332,1413,100%,83%,91%
1141,1332,1274,41%,57%,49%
1142,1332,1305,44%,39%,42%
1143,1332,1436,28%,41%,34%
1144,1332,1166,93%,58%,76%
1145,1332,1233,93%,59%,76%
1146,1332,1329,79%,70%,75%
1147,1332,1240,99%,81%,90%
1148,1332,1411,80%,43%,62%
1149,1332,1371,53%,70%,62%
1150,1332,1278,29%,25%,27%
1151,1332,1457,93%,76%,84%
1152,1332,1243,87%,66%,77%
1153,1332,1245,90%,74%,82%
1154,1332,1173,75%,43%,59%
1155,1332,1297,98%,81%,90%
1156,1276,1257,1%,11%,6%
1157,1276,1314,17%,20%,19%
1158,1276,1116,3%,18%,11%
1159,1276,1292,1%,26%,13%
1160,1276,1139,2%,15%,8%
1161,1276,1153,2%,16%,9%
1162,1276,1417,41%,25%,33%
1163,1276,1455,1%,18%,9%
1164,1276,1246,4%,19%,12%
1165,1276,1291,97%,58%,78%
1166,1276,1439,77%,33%,55%
1167,1276,1423,9%,34%,21%
1168,1276,1190,80%,70%,75%
1169,1276,1374,10%,15%,13%
1170,1276,1307,50%,55%,53%
1171,1276,1266,58%,37%,47%
1172,1276,1407,87%,59%,73%
1173,1276,1377,11%,32%,22%
1174,1276,1435,51%,45%,48%
1175,1276,1343,8%,25%,17%
1176,1276,1137,72%,67%,70%
1177,1276,1268,75%,46%,60%
1178,1276,1195,44%,55%,50%
1179,1276,1433,17%,51%,34%
1180,1276,1315,93%,67%,80%
1181,1276,1413,98%,63%,81%
1182,1276,1274,12%,42%,27%
1183,1276,1305,14%,27%,20%
1184,1276,1436,7%,28%,17%
1185,1276,1166,75%,43%,59%
1186,1276,1233,75%,44%,59%
1187,1276,1329,44%,63%,54%
1188,1276,1240,98%,62%,80%
1189,1276,1411,46%,33%,39%
1190,1276,1371,19%,52%,36%
1191,1276,1278,8%,14%,11%
1192,1276,1457,73%,60%,66%
1193,1276,1243,59%,53%,56%
1194,1276,1245,66%,55%,61%
1195,1276,1173,38%,28%,33%
1196,1276,1297,90%,65%,77%
1197,1257,1314,6%,20%,13%
1198,1257,1116,1%,17%,9%
1199,1257,1292,0%,25%,13%
1200,1257,1139,1%,14%,7%
1201,1257,1153,0%,17%,9%
1202,1257,1417,17%,24%,21%
1203,1257,1455,0%,17%,9%
1204,1257,1246,1%,18%,10%
1205,1257,1291,90%,62%,76%
1206,1257,1439,51%,40%,46%
1207,1257,1423,3%,34%,18%
1208,1257,1190,55%,65%,60%
1209,1257,1374,3%,14%,9%
1210,1257,1307,24%,59%,41%
1211,1257,1266,30%,37%,33%
1212,1257,1407,68%,61%,64%
1213,1257,1377,4%,32%,18%
1214,1257,1435,24%,43%,34%
1215,1257,1343,3%,29%,16%
1216,1257,1137,44%,64%,54%
1217,1257,1268,48%,44%,46%
1218,1257,1195,20%,56%,38%
1219,1257,1433,6%,48%,27%
1220,1257,1315,81%,66%,74%
1221,1257,1413,95%,67%,81%
1222,1257,1274,4%,40%,22%
1223,1257,1305,5%,25%,15%
1224,1257,1436,2%,28%,15%
1225,1257,1166,48%,40%,44%
1226,1257,1233,48%,45%,46%
1227,1257,1329,20%,59%,39%
1228,1257,1240,92%,65%,79%
1229,1257,1411,21%,31%,26%
1230,1257,1371,7%,52%,30%
1231,1257,1278,3%,13%,8%
1232,1257,1457,45%,60%,52%
1233,1257,1243,30%,51%,41%
1234,1257,1245,37%,59%,48%
1235,1257,1173,16%,26%,21%
1236,1257,1297,73%,65%,69%
1237,1314,1116,21%,33%,27%
1238,1314,1292,7%,46%,26%
1239,1314,1139,16%,32%,24%
1240,1314,1153,13%,39%,26%
1241,1314,1417,87%,43%,65%
1242,1314,1455,5%,36%,21%
1243,1314,1246,30%,31%,31%
1244,1314,1291,100%,78%,89%
1245,1314,1439,97%,52%,75%
1246,1314,1423,47%,52%,49%
1247,1314,1190,97%,82%,90%
1248,1314,1374,52%,37%,45%
1249,1314,1307,91%,76%,83%
1250,1314,1266,93%,53%,73%
1251,1314,1407,98%,78%,88%
1252,1314,1377,55%,50%,53%
1253,1314,1435,91%,57%,74%
1254,1314,1343,47%,47%,47%
1255,1314,1137,96%,81%,89%
1256,1314,1268,97%,65%,81%
1257,1314,1195,88%,74%,81%
1258,1314,1433,66%,71%,68%
1259,1314,1315,99%,82%,91%
1260,1314,1413,100%,82%,91%
1261,1314,1274,57%,59%,58%
1262,1314,1305,61%,45%,53%
1263,1314,1436,43%,47%,45%
1264,1314,1166,97%,62%,79%
1265,1314,1233,97%,61%,79%
1266,1314,1329,88%,71%,79%
1267,1314,1240,100%,79%,89%
1268,1314,1411,89%,47%,68%
1269,1314,1371,69%,74%,72%
1270,1314,1278,44%,32%,38%
1271,1314,1457,96%,76%,86%
1272,1314,1243,93%,67%,80%
1273,1314,1245,95%,77%,86%
1274,1314,1173,85%,48%,67%
1275,1314,1297,99%,82%,90%
1276,1116,1292,0%,15%,8%
1277,1116,1139,0%,6%,3%
1278,1116,1153,0%,6%,3%
1279,1116,1417,2%,17%,9%
1280,1116,1455,0%,7%,4%
1281,1116,1246,0%,12%,6%
1282,1116,1291,42%,52%,47%
1283,1116,1439,8%,27%,17%
1284,1116,1423,0%,27%,14%
1285,1116,1190,9%,68%,38%
1286,1116,1374,0%,5%,3%
1287,1116,1307,2%,54%,28%
1288,1116,1266,3%,34%,18%
1289,1116,1407,14%,52%,33%
1290,1116,1377,0%,27%,14%
1291,1116,1435,3%,32%,17%
1292,1116,1343,0%,15%,8%
1293,1116,1137,6%,62%,34%
1294,1116,1268,7%,36%,21%
1295,1116,1195,2%,48%,25%
1296,1116,1433,0%,44%,22%
1297,1116,1315,26%,67%,47%
1298,1116,1413,60%,63%,62%
1299,1116,1274,0%,27%,14%
1300,1116,1305,0%,15%,8%
1301,1116,1436,0%,19%,9%
1302,1116,1166,7%,23%,15%
1303,1116,1233,7%,41%,24%
1304,1116,1329,2%,52%,27%
1305,1116,1240,50%,58%,54%
1306,1116,1411,2%,26%,14%
1307,1116,1371,1%,43%,22%
1308,1116,1278,0%,7%,4%
1309,1116,1457,6%,58%,32%
1310,1116,1243,3%,38%,20%
1311,1116,1245,5%,55%,30%
1312,1116,1173,1%,17%,9%
1313,1116,1297,18%,64%,41%
1314,1292,1139,0%,9%,4%
1315,1292,1153,0%,13%,7%
1316,1292,1417,1%,19%,10%
1317,1292,1455,0%,14%,7%
1318,1292,1246,0%,12%,6%
1319,1292,1291,21%,51%,36%
1320,1292,1439,3%,27%,15%
1321,1292,1423,0%,31%,16%
1322,1292,1190,4%,68%,36%
1323,1292,1374,0%,14%,7%
1324,1292,1307,1%,49%,25%
1325,1292,1266,1%,30%,16%
1326,1292,1407,6%,50%,28%
1327,1292,1377,0%,26%,13%
1328,1292,1435,1%,31%,16%
1329,1292,1343,0%,22%,11%
1330,1292,1137,2%,57%,30%
1331,1292,1268,3%,30%,16%
1332,1292,1195,1%,50%,25%
1333,1292,1433,0%,42%,21%
1334,1292,1315,12%,64%,38%
1335,1292,1413,37%,59%,48%
1336,1292,1274,0%,25%,12%
1337,1292,1305,0%,23%,12%
1338,1292,1436,0%,23%,12%
1339,1292,1166,3%,26%,14%
1340,1292,1233,3%,38%,20%
1341,1292,1329,1%,49%,25%
1342,1292,1240,27%,58%,43%
1343,1292,1411,1%,27%,14%
1344,1292,1371,0%,38%,19%
1345,1292,1278,0%,9%,4%
1346,1292,1457,2%,54%,28%
1347,1292,1243,1%,37%,19%
1348,1292,1245,2%,52%,27%
1349,1292,1173,1%,20%,10%
1350,1292,1297,8%,60%,34%
1351,1139,1153,0%,15%,7%
1352,1139,1417,4%,23%,14%
1353,1139,1455,0%,15%,7%
1354,1139,1246,0%,17%,9%
1355,1139,1291,65%,51%,58%
1356,1139,1439,18%,29%,23%
1357,1139,1423,1%,28%,14%
1358,1139,1190,21%,62%,41%
1359,1139,1374,1%,13%,7%
1360,1139,1307,6%,45%,26%
1361,1139,1266,8%,34%,21%
1362,1139,1407,31%,50%,41%
1363,1139,1377,1%,28%,14%
1364,1139,1435,6%,39%,23%
1365,1139,1343,1%,19%,10%
1366,1139,1137,15%,56%,35%
1367,1139,1268,17%,38%,27%
1368,1139,1195,5%,47%,26%
1369,1139,1433,1%,41%,21%
1370,1139,1315,48%,58%,53%
1371,1139,1413,80%,55%,68%
1372,1139,1274,1%,37%,19%
1373,1139,1305,1%,22%,12%
1374,1139,1436,1%,21%,11%
1375,1139,1166,16%,36%,26%
1376,1139,1233,16%,39%,28%
1377,1139,1329,5%,59%,32%
1378,1139,1240,72%,52%,62%
1379,1139,1411,5%,25%,15%
1380,1139,1371,2%,41%,21%
1381,1139,1278,1%,10%,5%
1382,1139,1457,15%,51%,33%
1383,1139,1243,9%,43%,26%
1384,1139,1245,11%,46%,29%
1385,1139,1173,4%,21%,12%
1386,1139,1297,37%,55%,46%
1387,1153,1417,47%,24%,36%
1388,1153,1455,1%,19%,10%
1389,1153,1246,6%,18%,12%
1390,1153,1291,97%,62%,80%
1391,1153,1439,81%,41%,61%
1392,1153,1423,11%,38%,24%
1393,1153,1190,83%,69%,76%
1394,1153,1374,13%,18%,15%
1395,1153,1307,57%,58%,57%
1396,1153,1266,64%,40%,52%
1397,1153,1407,90%,62%,76%
1398,1153,1377,14%,34%,24%
1399,1153,1435,57%,46%,52%
1400,1153,1343,11%,34%,22%
1401,1153,1137,77%,66%,72%
1402,1153,1268,80%,47%,63%
1403,1153,1195,51%,59%,55%
1404,1153,1433,21%,52%,36%
1405,1153,1315,95%,71%,83%
1406,1153,1413,99%,65%,82%
1407,1153,1274,15%,42%,29%
1408,1153,1305,18%,28%,23%
1409,1153,1436,9%,31%,20%
1410,1153,1166,79%,41%,60%
1411,1153,1233,79%,48%,63%
1412,1153,1329,51%,64%,57%
1413,1153,1240,98%,66%,82%
1414,1153,1411,52%,35%,44%
1415,1153,1371,23%,52%,38%
1416,1153,1278,10%,16%,13%
1417,1153,1457,78%,62%,70%
1418,1153,1243,65%,55%,60%
1419,1153,1245,71%,57%,64%
1420,1153,1173,44%,28%,36%
1421,1153,1297,92%,66%,79%
1422,1417,1455,0%,33%,17%
1423,1417,1246,1%,31%,16%
1424,1417,1291,83%,59%,71%
1425,1417,1439,36%,42%,39%
1426,1417,1423,2%,39%,20%
1427,1417,1190,40%,64%,52%
1428,1417,1374,2%,36%,19%
1429,1417,1307,15%,56%,35%
1430,1417,1266,19%,46%,32%
1431,1417,1407,54%,59%,56%
1432,1417,1377,2%,36%,19%
1433,1417,1435,15%,44%,30%
1434,1417,1343,2%,37%,19%
1435,1417,1137,30%,61%,46%
1436,1417,1268,34%,49%,42%
1437,1417,1195,12%,56%,34%
1438,1417,1433,3%,55%,29%
1439,1417,1315,70%,65%,68%
1440,1417,1413,91%,62%,77%
1441,1417,1274,2%,47%,25%
1442,1417,1305,3%,34%,19%
1443,1417,1436,1%,35%,18%
1444,1417,1166,34%,49%,41%
1445,1417,1233,33%,46%,40%
1446,1417,1329,12%,61%,37%
1447,1417,1240,87%,61%,74%
1448,1417,1411,13%,36%,24%
1449,1417,1371,4%,56%,30%
1450,1417,1278,1%,32%,16%
1451,1417,1457,31%,57%,44%
1452,1417,1243,19%,56%,37%
1453,1417,1245,25%,57%,41%
1454,1417,1173,9%,40%,25%
1455,1417,1297,60%,64%,62%
1456,1455,1246,1%,22%,11%
1457,1455,1291,88%,59%,73%
1458,1455,1439,46%,38%,42%
1459,1455,1423,2%,37%,20%
1460,1455,1190,50%,66%,58%
1461,1455,1374,3%,23%,13%
1462,1455,1307,20%,56%,38%
1463,1455,1266,25%,38%,32%
1464,1455,1407,63%,55%,59%
1465,1455,1377,3%,33%,18%
1466,1455,1435,21%,37%,29%
1467,1455,1343,2%,29%,16%
1468,1455,1137,39%,62%,51%
1469,1455,1268,43%,41%,42%
1470,1455,1195,17%,53%,35%
1471,1455,1433,5%,49%,27%
1472,1455,1315,78%,65%,72%
1473,1455,1413,94%,61%,77%
1474,1455,1274,3%,37%,20%
1475,1455,1305,4%,30%,17%
1476,1455,1436,2%,30%,16%
1477,1455,1166,43%,36%,39%
1478,1455,1233,42%,46%,44%
1479,1455,1329,17%,56%,36%
1480,1455,1240,91%,61%,76%
1481,1455,1411,17%,34%,26%
1482,1455,1371,6%,48%,27%
1483,1455,1278,2%,20%,11%
1484,1455,1457,40%,57%,49%
1485,1455,1243,26%,47%,37%
1486,1455,1245,33%,56%,44%
1487,1455,1173,13%,32%,23%
1488,1455,1297,69%,61%,65%
1489,1246,1291,96%,78%,87%
1490,1246,1439,75%,51%,63%
1491,1246,1423,8%,46%,27%
1492,1246,1190,78%,81%,79%
1493,1246,1374,9%,33%,21%
1494,1246,1307,48%,76%,62%
1495,1246,1266,55%,49%,52%
1496,1246,1407,86%,78%,82%
1497,1246,1377,10%,46%,28%
1498,1246,1435,48%,54%,51%
1499,1246,1343,8%,43%,25%
1500,1246,1137,70%,81%,75%
1501,1246,1268,73%,67%,70%
1502,1246,1195,42%,76%,59%
1503,1246,1433,15%,72%,44%
1504,1246,1315,93%,81%,87%
1505,1246,1413,98%,81%,90%
1506,1246,1274,11%,61%,36%
1507,1246,1305,13%,40%,26%
1508,1246,1436,7%,41%,24%
1509,1246,1166,73%,59%,66%
1510,1246,1233,72%,57%,65%
1511,1246,1329,42%,68%,55%
1512,1246,1240,97%,78%,88%
1513,1246,1411,43%,42%,42%
1514,1246,1371,17%,73%,45%
1515,1246,1278,7%,29%,18%
1516,1246,1457,71%,76%,73%
1517,1246,1243,56%,66%,61%
1518,1246,1245,63%,77%,70%
1519,1246,1173,35%,45%,40%
1520,1246,1297,89%,80%,85%
1521,1291,1439,6%,20%,13%
1522,1291,1423,0%,25%,13%
1523,1291,1190,7%,46%,27%
1524,1291,1374,0%,10%,5%
1525,1291,1307,2%,35%,18%
1526,1291,1266,3%,26%,14%
1527,1291,1407,11%,33%,22%
1528,1291,1377,0%,20%,10%
1529,1291,1435,2%,23%,12%
1530,1291,1343,0%,17%,9%
1531,1291,1137,5%,38%,21%
1532,1291,1268,5%,24%,15%
1533,1291,1195,1%,33%,17%
1534,1291,1433,0%,32%,16%
1535,1291,1315,21%,44%,33%
1536,1291,1413,54%,43%,49%
1537,1291,1274,0%,21%,11%
1538,1291,1305,0%,15%,7%
1539,1291,1436,0%,18%,9%
1540,1291,1166,5%,19%,12%
1541,1291,1233,5%,34%,20%
1542,1291,1329,2%,31%,16%
1543,1291,1240,43%,40%,42%
1544,1291,1411,2%,24%,13%
1545,1291,1371,0%,31%,16%
1546,1291,1278,0%,8%,4%
1547,1291,1457,5%,40%,22%
1548,1291,1243,3%,24%,13%
1549,1291,1245,4%,39%,21%
1550,1291,1173,1%,14%,7%
1551,1291,1297,14%,40%,27%
1552,1439,1423,4%,30%,17%
1553,1439,1190,60%,60%,60%
1554,1439,1374,4%,9%,6%
1555,1439,1307,28%,47%,38%
1556,1439,1266,35%,33%,34%
1557,1439,1407,73%,49%,61%
1558,1439,1377,5%,30%,17%
1559,1439,1435,29%,28%,28%
1560,1439,1343,3%,17%,10%
1561,1439,1137,50%,56%,53%
1562,1439,1268,54%,34%,44%
1563,1439,1195,24%,45%,34%
1564,1439,1433,7%,45%,26%
1565,1439,1315,85%,59%,72%
1566,1439,1413,96%,55%,75%
1567,1439,1274,5%,25%,15%
1568,1439,1305,6%,21%,14%
1569,1439,1436,3%,21%,12%
1570,1439,1166,54%,23%,39%
1571,1439,1233,53%,39%,46%
1572,1439,1329,24%,46%,35%
1573,1439,1240,94%,50%,72%
1574,1439,1411,25%,29%,27%
1575,1439,1371,8%,37%,23%
1576,1439,1278,3%,8%,5%
1577,1439,1457,51%,55%,53%
1578,1439,1243,36%,34%,35%
1579,1439,1245,43%,50%,47%
1580,1439,1173,19%,20%,20%
1581,1439,1297,77%,56%,67%
1582,1423,1190,3%,63%,33%
1583,1423,1374,0%,12%,6%
1584,1423,1307,1%,47%,24%
1585,1423,1266,1%,30%,16%
1586,1423,1407,5%,47%,26%
1587,1423,1377,0%,25%,13%
1588,1423,1435,1%,32%,16%
1589,1423,1343,0%,21%,10%
1590,1423,1137,2%,54%,28%
1591,1423,1268,2%,28%,15%
1592,1423,1195,1%,45%,23%
1593,1423,1433,0%,40%,20%
1594,1423,1315,10%,57%,34%
1595,1423,1413,33%,52%,42%
1596,1423,1274,0%,25%,13%
1597,1423,1305,0%,23%,12%
1598,1423,1436,0%,22%,11%
1599,1423,1166,2%,22%,12%
1600,1423,1233,2%,38%,20%
1601,1423,1329,1%,41%,21%
1602,1423,1240,24%,51%,37%
1603,1423,1411,1%,27%,14%
1604,1423,1371,0%,35%,18%
1605,1423,1278,0%,8%,4%
1606,1423,1457,2%,53%,28%
1607,1423,1243,1%,34%,18%
1608,1423,1245,2%,48%,25%
1609,1423,1173,0%,20%,10%
1610,1423,1297,7%,54%,30%
1611,1190,1374,2%,17%,10%
1612,1190,1307,18%,55%,37%
1613,1190,1266,23%,37%,30%
1614,1190,1407,60%,53%,57%
1615,1190,1377,3%,40%,21%
1616,1190,1435,19%,35%,27%
1617,1190,1343,2%,36%,19%
1618,1190,1137,36%,59%,48%
1619,1190,1268,40%,38%,39%
1620,1190,1195,15%,52%,34%
1621,1190,1433,4%,55%,30%
1622,1190,1315,75%,66%,71%
1623,1190,1413,93%,61%,77%
1624,1190,1274,3%,30%,17%
1625,1190,1305,3%,36%,20%
1626,1190,1436,2%,36%,19%
1627,1190,1166,39%,31%,35%
1628,1190,1233,39%,52%,45%
1629,1190,1329,15%,44%,29%
1630,1190,1240,90%,61%,75%
1631,1190,1411,16%,44%,30%
1632,1190,1371,5%,46%,26%
1633,1190,1278,2%,21%,12%
1634,1190,1457,37%,60%,49%
1635,1190,1243,24%,39%,31%
1636,1190,1245,30%,61%,45%
1637,1190,1173,12%,34%,23%
1638,1190,1297,66%,63%,65%
1639,1374,1307,86%,59%,72%
1640,1374,1266,89%,40%,64%
1641,1374,1407,98%,65%,81%
1642,1374,1377,43%,38%,41%
1643,1374,1435,86%,42%,64%
1644,1374,1343,36%,35%,35%
1645,1374,1137,94%,68%,81%
1646,1374,1268,95%,47%,71%
1647,1374,1195,83%,62%,72%
1648,1374,1433,55%,53%,54%
1649,1374,1315,99%,71%,85%
1650,1374,1413,100%,67%,83%
1651,1374,1274,46%,39%,42%
1652,1374,1305,50%,32%,41%
1653,1374,1436,32%,35%,34%
1654,1374,1166,95%,40%,67%
1655,1374,1233,95%,50%,72%
1656,1374,1329,83%,62%,72%
1657,1374,1240,100%,68%,84%
1658,1374,1411,83%,39%,61%
1659,1374,1371,59%,52%,55%
1660,1374,1278,33%,17%,25%
1661,1374,1457,94%,65%,80%
1662,1374,1243,89%,52%,71%
1663,1374,1245,92%,59%,76%
1664,1374,1173,78%,33%,56%
1665,1374,1297,98%,68%,83%
1666,1307,1266,0%,29%,15%
1667,1307,1407,0%,40%,20%
1668,1307,1377,0%,23%,11%
1669,1307,1435,0%,22%,11%
1670,1307,1343,0%,15%,8%
1671,1307,1137,0%,43%,22%
1672,1307,1268,0%,22%,11%
1673,1307,1195,0%,38%,19%
1674,1307,1433,0%,33%,16%
1675,1307,1315,1%,52%,26%
1676,1307,1413,3%,49%,26%
1677,1307,1274,0%,18%,9%
1678,1307,1305,0%,16%,8%
1679,1307,1436,0%,17%,9%
1680,1307,1166,0%,17%,9%
1681,1307,1233,0%,38%,19%
1682,1307,1329,0%,36%,18%
1683,1307,1240,2%,46%,24%
1684,1307,1411,0%,27%,14%
1685,1307,1371,0%,28%,14%
1686,1307,1278,0%,6%,3%
1687,1307,1457,0%,46%,23%
1688,1307,1243,0%,23%,12%
1689,1307,1245,0%,47%,23%
1690,1307,1173,0%,14%,7%
1691,1307,1297,1%,49%,25%
1692,1266,1407,55%,52%,53%
1693,1266,1377,2%,32%,17%
1694,1266,1435,15%,34%,25%
1695,1266,1343,2%,20%,11%
1696,1266,1137,31%,62%,47%
1697,1266,1268,35%,39%,37%
1698,1266,1195,12%,49%,30%
1699,1266,1433,3%,51%,27%
1700,1266,1315,71%,67%,69%
1701,1266,1413,92%,59%,75%
1702,1266,1274,2%,31%,17%
1703,1266,1305,3%,23%,13%
1704,1266,1436,1%,23%,12%
1705,1266,1166,34%,28%,31%
1706,1266,1233,34%,44%,39%
1707,1266,1329,12%,51%,32%
1708,1266,1240,87%,55%,71%
1709,1266,1411,13%,29%,21%
1710,1266,1371,4%,44%,24%
1711,1266,1278,1%,10%,6%
1712,1266,1457,32%,58%,45%
1713,1266,1243,20%,41%,31%
1714,1266,1245,25%,57%,41%
1715,1266,1173,10%,26%,18%
1716,1266,1297,61%,62%,61%
1717,1407,1377,0%,17%,9%
1718,1407,1435,1%,21%,11%
1719,1407,1343,0%,13%,6%
1720,1407,1137,3%,39%,21%
1721,1407,1268,3%,20%,12%
1722,1407,1195,1%,33%,17%
1723,1407,1433,0%,30%,15%
1724,1407,1315,13%,46%,30%
1725,1407,1413,39%,43%,41%
1726,1407,1274,0%,14%,7%
1727,1407,1305,0%,13%,7%
1728,1407,1436,0%,14%,7%
1729,1407,1166,3%,15%,9%
1730,1407,1233,3%,35%,19%
1731,1407,1329,1%,30%,16%
1732,1407,1240,29%,42%,35%
1733,1407,1411,1%,21%,11%
1734,1407,1371,0%,28%,14%
1735,1407,1278,0%,5%,2%
1736,1407,1457,3%,42%,22%
1737,1407,1243,1%,18%,10%
1738,1407,1245,2%,42%,22%
1739,1407,1173,1%,11%,6%
1740,1407,1297,8%,44%,26%
1741,1377,1435,0%,17%,9%
1742,1377,1343,0%,9%,5%
1743,1377,1137,0%,29%,15%
1744,1377,1268,0%,12%,6%
1745,1377,1195,0%,25%,13%
1746,1377,1433,0%,20%,10%
1747,1377,1315,1%,36%,18%
1748,1377,1413,3%,28%,16%
1749,1377,1274,0%,11%,5%
1750,1377,1305,0%,9%,5%
1751,1377,1436,0%,12%,6%
1752,1377,1166,0%,11%,5%
1753,1377,1233,0%,25%,12%
1754,1377,1329,0%,28%,14%
1755,1377,1240,2%,27%,15%
1756,1377,1411,0%,16%,8%
1757,1377,1371,0%,20%,10%
1758,1377,1278,0%,4%,2%
1759,1377,1457,0%,28%,14%
1760,1377,1243,0%,14%,7%
1761,1377,1245,0%,27%,14%
1762,1377,1173,0%,9%,5%
1763,1377,1297,0%,30%,15%
1764,1435,1343,3%,17%,10%
1765,1435,1137,44%,47%,46%
1766,1435,1268,48%,32%,40%
1767,1435,1195,19%,41%,30%
1768,1435,1433,6%,40%,23%
1769,1435,1315,81%,55%,68%
1770,1435,1413,95%,48%,72%
1771,1435,1274,4%,28%,16%
1772,1435,1305,5%,18%,11%
1773,1435,1436,2%,17%,10%
1774,1435,1166,47%,26%,36%
1775,1435,1233,47%,39%,43%
1776,1435,1329,20%,48%,34%
1777,1435,1240,92%,47%,70%
1778,1435,1411,20%,27%,23%
1779,1435,1371,7%,36%,21%
1780,1435,1278,2%,10%,6%
1781,1435,1457,45%,47%,46%
1782,1435,1243,30%,36%,33%
1783,1435,1245,37%,46%,42%
1784,1435,1173,16%,19%,17%
1785,1435,1297,73%,48%,60%
1786,1343,1137,9%,50%,30%
1787,1343,1268,10%,22%,16%
1788,1343,1195,3%,43%,23%
1789,1343,1433,1%,37%,19%
1790,1343,1315,35%,57%,46%
1791,1343,1413,70%,52%,61%
1792,1343,1274,1%,20%,10%
1793,1343,1305,1%,18%,9%
1794,1343,1436,0%,19%,9%
1795,1343,1166,10%,20%,15%
1796,1343,1233,10%,36%,23%
1797,1343,1329,3%,42%,23%
1798,1343,1240,60%,49%,55%
1799,1343,1411,3%,26%,14%
1800,1343,1371,1%,35%,18%
1801,1343,1278,0%,6%,3%
1802,1343,1457,9%,49%,29%
1803,1343,1243,5%,29%,17%
1804,1343,1245,7%,46%,26%
1805,1343,1173,2%,15%,8%
1806,1343,1297,25%,50%,38%
1807,1137,1268,6%,28%,17%
1808,1137,1195,2%,45%,23%
1809,1137,1433,0%,46%,23%
1810,1137,1315,23%,59%,41%
1811,1137,1413,57%,54%,56%
1812,1137,1274,0%,20%,10%
1813,1137,1305,0%,23%,12%
1814,1137,1436,0%,22%,11%
1815,1137,1166,6%,22%,14%
1816,1137,1233,6%,44%,25%
1817,1137,1329,2%,39%,20%
1818,1137,1240,46%,53%,50%
1819,1137,1411,2%,31%,16%
1820,1137,1371,1%,36%,18%
1821,1137,1278,0%,9%,5%
1822,1137,1457,5%,53%,29%
1823,1137,1243,3%,31%,17%
1824,1137,1245,4%,53%,28%
1825,1137,1173,1%,23%,12%
1826,1137,1297,16%,54%,35%
1827,1268,1195,25%,53%,39%
1828,1268,1433,8%,55%,32%
1829,1268,1315,86%,74%,80%
1830,1268,1413,96%,67%,82%
1831,1268,1274,6%,32%,19%
1832,1268,1305,7%,19%,13%
1833,1268,1436,3%,19%,11%
1834,1268,1166,56%,35%,45%
1835,1268,1233,55%,48%,52%
1836,1268,1329,25%,57%,41%
1837,1268,1240,94%,64%,79%
1838,1268,1411,26%,26%,26%
1839,1268,1371,9%,48%,28%
1840,1268,1278,3%,10%,7%
1841,1268,1457,53%,61%,57%
1842,1268,1243,38%,47%,42%
1843,1268,1245,45%,60%,53%
1844,1268,1173,21%,22%,21%
1845,1268,1297,79%,69%,74%
1846,1195,1433,0%,35%,18%
1847,1195,1315,14%,51%,32%
1848,1195,1413,41%,47%,44%
1849,1195,1274,0%,15%,8%
1850,1195,1305,0%,19%,10%
1851,1195,1436,0%,20%,10%
1852,1195,1166,3%,18%,11%
1853,1195,1233,3%,40%,22%
1854,1195,1329,1%,35%,18%
1855,1195,1240,31%,47%,39%
1856,1195,1411,1%,24%,12%
1857,1195,1371,0%,28%,14%
1858,1195,1278,0%,6%,3%
1859,1195,1457,3%,48%,26%
1860,1195,1243,2%,23%,12%
1861,1195,1245,2%,47%,25%
1862,1195,1173,1%,15%,8%
1863,1195,1297,9%,49%,29%
1864,1433,1315,16%,75%,45%
1865,1433,1413,45%,66%,55%
1866,1433,1274,0%,26%,13%
1867,1433,1305,0%,23%,12%
1868,1433,1436,0%,25%,12%
1869,1433,1166,4%,31%,17%
1870,1433,1233,4%,48%,26%
1871,1433,1329,1%,50%,26%
1872,1433,1240,34%,65%,50%
1873,1433,1411,1%,33%,17%
1874,1433,1371,0%,48%,24%
1875,1433,1278,0%,11%,5%
1876,1433,1457,3%,61%,32%
1877,1433,1243,2%,39%,20%
1878,1433,1245,2%,63%,33%
1879,1433,1173,1%,27%,14%
1880,1433,1297,10%,67%,39%
1881,1315,1413,13%,55%,34%
1882,1315,1274,0%,25%,13%
1883,1315,1305,0%,25%,13%
1884,1315,1436,0%,27%,14%
1885,1315,1166,1%,23%,12%
1886,1315,1233,1%,42%,22%
1887,1315,1329,0%,36%,18%
1888,1315,1240,9%,54%,31%
1889,1315,1411,0%,35%,18%
1890,1315,1371,0%,39%,20%
1891,1315,1278,0%,12%,6%
1892,1315,1457,1%,53%,27%
1893,1315,1243,0%,30%,15%
1894,1315,1245,0%,55%,28%
1895,1315,1173,0%,26%,13%
1896,1315,1297,2%,56%,29%
1897,1413,1274,0%,21%,11%
1898,1413,1305,0%,19%,10%
1899,1413,1436,0%,21%,11%
1900,1413,1166,2%,18%,10%
1901,1413,1233,2%,39%,21%
1902,1413,1329,1%,31%,16%
1903,1413,1240,24%,43%,34%
1904,1413,1411,1%,31%,16%
1905,1413,1371,0%,32%,16%
1906,1413,1278,0%,10%,5%
1907,1413,1457,2%,44%,23%
1908,1413,1243,1%,23%,12%
1909,1413,1245,2%,46%,24%
1910,1413,1173,0%,16%,8%
1911,1413,1297,7%,47%,27%
1912,1274,1305,29%,22%,26%
1913,1274,1436,16%,25%,21%
1914,1274,1166,88%,37%,63%
1915,1274,1233,88%,47%,67%
1916,1274,1329,66%,55%,61%
1917,1274,1240,99%,63%,81%
1918,1274,1411,68%,32%,50%
1919,1274,1371,37%,50%,43%
1920,1274,1278,17%,14%,15%
1921,1274,1457,87%,57%,72%
1922,1274,1243,78%,47%,63%
1923,1274,1245,83%,60%,71%
1924,1274,1173,60%,25%,43%
1925,1274,1297,96%,64%,80%
1926,1305,1436,0%,20%,10%
1927,1305,1166,10%,19%,14%
1928,1305,1233,10%,38%,24%
1929,1305,1329,3%,42%,22%
1930,1305,1240,59%,52%,56%
1931,1305,1411,3%,28%,15%
1932,1305,1371,1%,33%,17%
1933,1305,1278,0%,7%,3%
1934,1305,1457,9%,52%,31%
1935,1305,1243,5%,31%,18%
1936,1305,1245,7%,48%,27%
1937,1305,1173,2%,17%,9%
1938,1305,1297,25%,54%,39%
1939,1436,1166,9%,16%,13%
1940,1436,1233,9%,31%,20%
1941,1436,1329,3%,37%,20%
1942,1436,1240,58%,39%,48%
1943,1436,1411,3%,24%,13%
1944,1436,1371,1%,27%,14%
1945,1436,1278,0%,6%,3%
1946,1436,1457,9%,38%,23%
1947,1436,1243,5%,23%,14%
1948,1436,1245,6%,38%,22%
1949,1436,1173,2%,12%,7%
1950,1436,1297,23%,39%,31%
1951,1166,1233,70%,53%,61%
1952,1166,1329,39%,58%,49%
1953,1166,1240,97%,63%,80%
1954,1166,1411,40%,38%,39%
1955,1166,1371,16%,57%,37%
1956,1166,1278,6%,20%,13%
1957,1166,1457,68%,63%,66%
1958,1166,1243,53%,57%,55%
1959,1166,1245,61%,58%,59%
1960,1166,1173,33%,40%,36%
1961,1166,1297,88%,68%,78%
1962,1233,1329,0%,35%,18%
1963,1233,1240,11%,42%,27%
1964,1233,1411,0%,27%,13%
1965,1233,1371,0%,27%,13%
1966,1233,1278,0%,7%,4%
1967,1233,1457,1%,47%,24%
1968,1233,1243,0%,23%,12%
1969,1233,1245,1%,44%,22%
1970,1233,1173,0%,17%,9%
1971,1233,1297,3%,47%,25%
1972,1329,1240,99%,64%,82%
1973,1329,1411,70%,47%,58%
1974,1329,1371,40%,62%,51%
1975,1329,1278,19%,25%,22%
1976,1329,1457,88%,62%,75%
1977,1329,1243,80%,55%,67%
1978,1329,1245,84%,67%,75%
1979,1329,1173,63%,41%,52%
1980,1329,1297,96%,66%,81%
1981,1240,1411,1%,29%,15%
1982,1240,1371,0%,32%,16%
1983,1240,1278,0%,7%,4%
1984,1240,1457,4%,49%,26%
1985,1240,1243,2%,22%,12%
1986,1240,1245,3%,50%,26%
1987,1240,1173,1%,13%,7%
1988,1240,1297,12%,52%,32%
1989,1411,1371,0%,22%,11%
1990,1411,1278,0%,4%,2%
1991,1411,1457,0%,29%,15%
1992,1411,1243,0%,17%,9%
1993,1411,1245,0%,27%,14%
1994,1411,1173,0%,7%,3%
1995,1411,1297,1%,29%,15%
1996,1371,1278,2%,12%,7%
1997,1371,1457,43%,59%,51%
1998,1371,1243,29%,44%,36%
1999,1371,1245,35%,66%,51%
2000,1371,1173,15%,25%,20%
2001,1371,1297,71%,67%,69%
2002,1278,1457,4%,52%,28%
2003,1278,1243,2%,40%,21%
2004,1278,1245,3%,48%,26%
2005,1278,1173,1%,17%,9%
2006,1278,1297,12%,56%,34%
2007,1457,1243,1%,23%,12%
2008,1457,1245,1%,41%,21%
2009,1457,1173,0%,19%,10%
2010,1457,1297,4%,43%,24%
2011,1243,1245,76%,65%,71%
2012,1243,1173,50%,27%,39%
2013,1243,1297,94%,69%,81%
2014,1245,1173,3%,13%,8%
2015,1245,1297,28%,50%,39%
2016,1173,1297,37%,64%,51%
